X2,X16,X3_Assam,X3_Bihar,X3_Chhattisgarh,X3_Delhi,X3_Goa,X3_Gujarat,X3_Haryana,X3_Jharkhand,X3_Karnataka,X3_Madhya Pradesh,X3_Maharashtra,X3_Odisha,X3_Others,X3_Rajasthan,X3_Tamil Nadu,X3_Uttar Pradesh,X3_West Bengal,X4_Female,X4_Male,X4_Others,X4_Prefer not to say,X7_Everyday,X7_No,X7_Often,X7_Rarely,X7_Sometimes,X8_Everyday,X8_No,X8_Often,X8_Rarely,X8_Sometimes,X9_Decreased appetite,X9_Increased appetite,X9_No change,X9_Weight gain,X9_Weight loss,X10_Everyday,X10_No,X10_Often,X10_Rarely,X10_Sometimes,X11_Everyday,X11_No,X11_Often,X11_Rarely,X11_Sometimes,X12_Everyday,X12_No,X12_Often,X12_Rarely,X12_Sometimes,X13_Everyday,X13_No,X13_Often,X13_Rarely,X13_Sometimes,X14_Everyday,X14_No,X14_Often,X14_Rarely,X14_Sometimes,X15_No change,X15_Significant decline,X15_Slight decline,X16_sentiment,X5_11th,X5_12th,X5_Bachelor's 1st Year,X5_Bachelor's 2nd Year,X5_Bachelor's 3rd Year,X5_Bachelor's 4th Year,X5_Chartered Accountancy ,X5_Graduate,X5_Master's Final year,X5_Other,X5_Teaching profession ,X6_BSc,X6_Commerce,X6_Computer Science,X6_Design,X6_Engineering,X6_Fashion,X6_MBA,X6_Medical,X6_Others,X6_Psychology,Output
20,Nothing,False,False,False,False,False,False,False,False,False,False,False,False,True,False,False,False,False,False,True,False,False,True,False,False,False,False,False,False,True,False,False,False,False,False,True,False,False,False,True,False,False,True,False,False,False,False,True,False,False,False,False,True,False,False,False,False,False,False,False,True,False,True,False,False,0.0,False,False,False,False,True,False,False,False,False,False,False,False,False,True,False,False,False,False,False,False,False,True
69,nope,False,False,False,False,False,False,False,False,False,False,False,False,True,False,False,False,False,False,True,False,False,True,False,False,False,False,True,False,False,False,False,False,False,True,False,False,True,False,False,False,False,True,False,False,False,False,False,False,False,False,True,True,False,False,False,False,True,False,False,False,False,True,False,False,0.0,False,False,False,False,True,False,False,False,False,False,False,False,False,True,False,False,False,False,False,False,False,True
20,No,False,False,False,False,False,False,False,False,False,False,False,False,True,False,False,False,False,False,True,False,False,False,False,False,False,True,False,False,False,True,False,False,False,True,False,False,False,True,False,False,False,False,True,False,False,False,False,True,False,False,False,False,True,False,False,False,False,True,False,False,False,True,False,False,0.0,False,False,False,False,True,False,False,False,False,False,False,False,False,False,False,False,False,False,False,True,False,True
21,nan,False,False,False,False,False,False,False,False,False,False,False,False,False,False,False,True,False,False,True,False,False,False,True,False,False,False,False,True,False,False,False,False,False,True,False,False,False,True,False,False,False,False,True,False,False,False,False,True,False,False,False,False,True,False,False,False,False,True,False,False,False,True,False,False,0.0,False,False,False,False,False,True,False,False,False,False,False,False,False,True,False,False,False,False,False,False,False,True
56,nan,False,False,False,True,False,False,False,False,False,False,False,False,False,False,False,False,False,True,False,False,False,False,False,False,True,False,False,False,False,True,False,False,True,False,False,False,False,False,False,True,False,False,False,False,True,False,False,False,False,True,False,False,False,False,True,False,False,False,False,True,False,False,False,True,0.0,False,False,False,True,False,False,False,False,False,False,False,False,False,False,False,False,False,False,False,True,False,False
23,nan,False,False,False,False,False,False,False,False,False,False,False,True,False,False,False,False,False,False,False,True,False,False,False,False,False,True,False,False,False,False,True,True,False,False,False,False,False,False,False,False,True,False,False,False,False,True,False,False,False,False,True,False,False,False,False,True,False,False,False,False,True,False,True,False,0.0,False,False,True,False,False,False,False,False,False,False,False,False,False,True,False,False,False,False,False,False,False,True
18,nan,False,False,False,False,False,False,False,False,False,False,False,False,False,True,False,False,False,False,False,False,True,False,False,True,False,False,False,False,True,False,False,False,False,False,True,False,False,False,True,False,False,False,False,True,False,False,False,False,True,False,False,False,False,True,False,False,False,False,True,False,False,False,False,True,0.0,True,False,False,False,False,False,False,False,False,False,False,False,False,False,False,False,False,False,False,True,False,False
22,nan,False,False,False,False,False,False,True,False,False,False,False,False,False,False,False,False,False,True,False,False,False,True,False,False,False,False,False,False,False,True,False,False,False,False,False,True,False,False,False,False,True,True,False,False,False,False,True,False,False,False,False,True,False,False,False,False,True,False,False,False,False,False,True,False,0.0,False,True,False,False,False,False,False,False,False,False,False,False,False,True,False,False,False,False,False,False,False,True
20,No,False,True,False,False,False,False,False,False,False,False,False,False,False,False,False,False,False,False,True,False,False,False,False,False,False,True,False,True,False,False,False,False,False,True,False,False,True,False,False,False,False,False,False,False,True,False,False,False,False,False,True,False,True,False,False,False,False,True,False,False,False,True,False,False,0.0,False,False,False,False,True,False,False,False,False,False,False,False,False,False,False,True,False,False,False,False,False,False
21,nan,False,False,False,False,False,False,False,False,False,False,False,True,False,False,False,False,False,False,True,False,False,False,False,False,True,False,False,True,False,False,False,False,False,False,False,True,False,False,False,False,True,False,True,False,False,False,False,False,False,True,False,False,True,False,False,False,False,True,False,False,False,True,False,False,0.0,False,False,False,False,True,False,False,False,False,False,False,False,False,False,False,True,False,False,False,False,False,False
19,Tech,False,False,False,False,False,False,False,False,False,False,False,False,False,False,False,True,False,False,True,False,False,False,False,True,False,False,False,False,False,True,False,True,False,False,False,False,False,False,False,False,True,False,False,False,True,False,False,False,True,False,False,False,False,False,False,True,True,False,False,False,False,True,False,False,0.0,False,False,False,True,False,False,False,False,False,False,False,False,False,False,False,True,False,False,False,False,False,True
21,nan,False,True,False,False,False,False,False,False,False,False,False,False,False,False,False,False,False,False,True,False,False,False,False,True,False,False,False,False,True,False,False,True,False,False,False,False,False,True,False,False,False,False,False,False,False,True,False,False,False,False,True,False,True,False,False,False,False,False,False,False,True,False,False,True,0.0,False,False,False,False,True,False,False,False,False,False,False,False,False,True,False,False,False,False,False,False,False,False
21,exams caused stress,False,False,False,False,False,False,False,False,False,False,False,True,False,False,False,False,False,True,False,False,False,False,False,False,False,True,False,False,True,False,False,False,True,False,False,False,False,False,False,False,True,False,False,False,True,False,False,False,False,True,False,False,False,False,True,False,False,True,False,False,False,True,False,False,-0.4215,False,False,False,False,True,False,False,False,False,False,False,False,False,True,False,False,False,False,False,False,False,False
20,nan,False,False,False,False,False,False,False,False,False,False,False,False,False,False,False,True,False,True,False,False,False,False,False,False,False,True,False,False,False,True,False,True,False,False,False,False,False,False,False,False,True,False,False,False,True,False,False,False,False,True,False,False,True,False,False,False,False,False,False,True,False,True,False,False,0.0,False,False,False,False,True,False,False,False,False,False,False,False,False,False,False,True,False,False,False,False,False,False
20,nan,False,False,False,False,False,False,False,False,False,False,False,True,False,False,False,False,False,False,True,False,False,False,False,False,True,False,False,False,False,True,False,True,False,False,False,False,False,False,False,False,True,False,False,False,True,False,False,False,True,False,False,False,True,False,False,False,False,True,False,False,False,True,False,False,0.0,False,False,False,False,True,False,False,False,False,False,False,False,False,False,False,True,False,False,False,False,False,False
27,Nothing ,False,False,False,False,False,False,False,False,False,False,False,False,False,False,False,True,False,True,False,False,False,False,False,False,False,True,False,False,False,True,False,False,False,True,False,False,False,False,False,False,True,False,False,True,False,False,False,False,False,False,True,False,True,False,False,False,False,True,False,False,False,True,False,False,0.0,False,False,False,False,False,False,False,False,False,False,True,False,False,False,False,False,False,False,False,True,False,False
20,No,False,False,False,False,False,False,False,False,False,False,False,True,False,False,False,False,False,True,False,False,False,False,False,True,False,False,False,False,False,False,True,True,False,False,False,False,True,False,False,False,False,True,False,False,False,False,False,False,True,False,False,False,True,False,False,False,False,False,True,False,False,False,False,True,0.0,False,False,False,False,True,False,False,False,False,False,False,False,False,False,False,True,False,False,False,False,False,False
24,nan,False,False,False,False,False,False,False,False,False,False,False,False,False,False,False,True,False,False,True,False,False,False,False,False,False,True,False,False,False,False,True,False,False,False,False,True,False,False,False,False,True,False,False,False,False,True,False,False,False,False,True,False,False,False,False,True,False,False,False,False,True,False,False,True,0.0,False,False,False,False,True,False,False,False,False,False,False,False,False,True,False,False,False,False,False,False,False,True
20,nan,False,True,False,False,False,False,False,False,False,False,False,False,False,False,False,False,False,False,True,False,False,False,False,False,True,False,False,True,False,False,False,False,False,False,False,True,False,True,False,False,False,False,True,False,False,False,False,True,False,False,False,False,True,False,False,False,False,False,False,False,True,True,False,False,0.0,False,False,False,False,True,False,False,False,False,False,False,False,False,True,False,False,False,False,False,False,False,False
21,Loneliness ,False,False,False,False,False,False,False,False,False,False,True,False,False,False,False,False,False,False,True,False,False,True,False,False,False,False,False,False,True,False,False,False,False,False,False,True,False,False,False,False,True,False,False,False,False,True,False,False,True,False,False,False,False,True,False,False,True,False,False,False,False,False,False,True,-0.4215,False,False,False,False,True,False,False,False,False,False,False,False,False,True,False,False,False,False,False,False,False,True
20,nan,False,True,False,False,False,False,False,False,False,False,False,False,False,False,False,False,False,True,False,False,False,False,False,False,True,False,False,False,False,False,True,False,False,True,False,False,False,False,True,False,False,False,True,False,False,False,False,False,False,True,False,False,True,False,False,False,False,True,False,False,False,True,False,False,0.0,False,False,False,False,True,False,False,False,False,False,False,False,False,False,False,True,False,False,False,False,False,False
20,nan,False,False,False,False,False,False,False,False,False,False,False,True,False,False,False,False,False,False,False,False,True,False,False,False,False,True,False,False,True,False,False,False,True,False,False,False,True,False,False,False,False,False,False,False,True,False,False,False,False,False,True,False,True,False,False,False,False,True,False,False,False,True,False,False,0.0,False,False,False,False,True,False,False,False,False,False,False,False,False,False,False,True,False,False,False,False,False,False
19,nan,False,False,False,False,False,False,False,False,False,False,False,False,False,False,False,True,False,True,False,False,False,False,False,False,False,True,False,True,False,False,False,False,False,False,False,True,False,False,False,True,False,False,False,False,False,True,False,False,True,False,False,False,True,False,False,False,False,False,False,True,False,False,False,True,0.0,False,False,False,False,True,False,False,False,False,False,False,False,False,False,False,True,False,False,False,False,False,False
19,Getting depressed ,False,True,False,False,False,False,False,False,False,False,False,False,False,False,False,False,False,True,False,False,False,False,False,True,False,False,True,False,False,False,False,True,False,False,False,False,False,False,False,False,True,True,False,False,False,False,False,False,True,False,False,False,True,False,False,False,False,True,False,False,False,False,False,True,-0.5106,False,False,False,False,True,False,False,False,False,False,False,False,False,True,False,False,False,False,False,False,False,False
20,nan,False,True,False,False,False,False,False,False,False,False,False,False,False,False,False,False,False,True,False,False,False,False,True,False,False,False,False,True,False,False,False,False,True,False,False,False,False,False,False,False,True,False,False,False,False,True,False,False,False,False,True,False,True,False,False,False,False,True,False,False,False,True,False,False,0.0,False,False,False,False,True,False,False,False,False,False,False,False,False,False,False,True,False,False,False,False,False,False
21,nan,False,False,False,False,False,False,False,False,False,False,False,False,False,False,False,False,True,False,True,False,False,False,False,False,False,True,False,False,False,True,False,False,False,True,False,False,False,False,False,True,False,False,False,False,False,True,False,False,False,True,False,False,False,False,False,True,False,False,True,False,False,True,False,False,0.0,False,False,False,False,True,False,False,False,False,False,False,False,False,True,False,False,False,False,False,False,False,False
20,I am doing great ,False,False,False,False,False,False,False,False,False,False,True,False,False,False,False,False,False,False,True,False,False,False,False,False,True,False,False,True,False,False,False,False,False,True,False,False,False,True,False,False,False,False,True,False,False,False,True,False,False,False,False,False,True,False,False,False,False,True,False,False,False,True,False,False,0.6249,False,False,False,True,False,False,False,False,False,False,False,False,False,True,False,False,False,False,False,False,False,False
18,no,False,False,False,False,False,False,False,False,False,False,False,False,False,False,False,False,True,False,True,False,False,False,False,False,True,False,False,False,False,True,False,False,False,True,False,False,False,True,False,False,False,False,False,False,True,False,False,True,False,False,False,False,False,False,True,False,False,True,False,False,False,True,False,False,0.0,False,False,False,True,False,False,False,False,False,False,False,False,False,True,False,False,False,False,False,False,False,False
21,nan,False,False,False,False,False,False,False,False,False,False,False,False,True,False,False,False,False,False,True,False,False,False,False,False,False,True,False,False,False,False,True,False,False,True,False,False,False,False,False,False,True,False,False,False,False,True,False,False,False,True,False,False,True,False,False,False,False,False,False,False,True,True,False,False,0.0,False,False,False,False,True,False,False,False,False,False,False,False,False,True,False,False,False,False,False,False,False,False
20,No,False,False,False,False,False,False,False,False,False,True,False,False,False,False,False,False,False,False,True,False,False,False,False,True,False,False,False,False,False,True,False,True,False,False,False,False,True,False,False,False,False,False,False,False,False,True,True,False,False,False,False,False,True,False,False,False,False,True,False,False,False,True,False,False,0.0,False,False,False,True,False,False,False,False,False,False,False,False,False,False,False,True,False,False,False,False,False,False
20,No,False,False,False,False,False,False,False,False,False,True,False,False,False,False,False,False,False,False,True,False,False,False,False,True,False,False,False,False,False,True,False,True,False,False,False,False,True,False,False,False,False,False,False,False,False,True,True,False,False,False,False,False,True,False,False,False,False,True,False,False,False,True,False,False,0.0,False,False,False,True,False,False,False,False,False,False,False,False,False,False,False,True,False,False,False,False,False,False
20,"Due to lots of assignment and lab work, no proper sleep schedule is followed which causes irritation and disbalance. ",False,False,False,False,False,False,False,True,False,False,False,False,False,False,False,False,False,True,False,False,False,False,False,False,False,True,False,False,False,True,False,True,False,False,False,False,False,False,False,False,True,False,False,True,False,False,False,False,False,False,True,False,True,False,False,False,False,True,False,False,False,True,False,False,0.0,False,False,False,False,True,False,False,False,False,False,False,False,False,True,False,False,False,False,False,False,False,False
19,No,False,False,False,False,False,False,False,False,False,False,False,False,False,False,True,False,False,False,True,False,False,False,False,False,True,False,True,False,False,False,False,False,False,True,False,False,False,False,False,False,True,False,False,False,False,True,False,False,False,True,False,True,False,False,False,False,False,True,False,False,False,False,False,True,0.0,False,False,False,True,False,False,False,False,False,False,False,False,False,False,False,True,False,False,False,False,False,True
21,nan,False,False,False,False,False,False,False,False,False,False,False,False,False,False,False,True,False,True,False,False,False,False,False,False,False,True,False,False,True,False,False,True,False,False,False,False,False,False,False,False,True,True,False,False,False,False,True,False,False,False,False,False,True,False,False,False,False,False,False,True,False,False,False,True,0.0,False,False,False,False,True,False,False,False,False,False,False,False,False,False,False,False,False,False,False,True,False,False
20,nan,False,False,False,False,False,False,False,False,False,False,False,True,False,False,False,False,False,True,False,False,False,False,False,False,False,True,False,False,False,True,False,False,False,True,False,False,False,False,False,False,True,False,False,False,False,True,False,True,False,False,False,False,True,False,False,False,False,False,False,False,True,True,False,False,0.0,False,False,False,False,True,False,False,False,False,False,False,False,False,True,False,False,False,False,False,False,False,False
22,nan,False,True,False,False,False,False,False,False,False,False,False,False,False,False,False,False,False,False,True,False,False,False,False,False,False,True,False,False,True,False,False,True,False,False,False,False,False,False,True,False,False,False,False,True,False,False,False,True,False,False,False,False,True,False,False,False,False,False,False,False,True,True,False,False,0.0,False,False,False,False,True,False,False,False,False,False,False,False,False,False,False,True,False,False,False,False,False,False
21,nan,False,False,False,False,False,False,False,False,False,True,False,False,False,False,False,False,False,True,False,False,False,False,False,True,False,False,False,False,False,True,False,True,False,False,False,False,False,False,False,True,False,False,False,False,False,True,False,False,False,True,False,False,True,False,False,False,False,False,False,True,False,True,False,False,0.0,False,False,False,False,True,False,False,False,False,False,False,False,False,False,True,False,False,False,False,False,False,False
16,Nooo,False,False,False,False,False,False,False,False,False,True,False,False,False,False,False,False,False,True,False,False,False,True,False,False,False,False,False,False,False,False,True,False,False,False,False,True,False,False,True,False,False,False,False,False,False,True,True,False,False,False,False,False,False,False,True,False,False,False,False,True,False,False,False,True,0.0,True,False,False,False,False,False,False,False,False,False,False,False,False,False,False,False,False,False,False,True,False,False
19,na,False,False,False,False,False,False,False,False,False,False,False,False,False,False,False,True,False,False,True,False,False,False,False,True,False,False,False,False,False,True,False,True,False,False,False,False,True,False,False,False,False,True,False,False,False,False,False,False,True,False,False,False,True,False,False,False,False,False,False,True,False,True,False,False,0.0,False,False,False,True,False,False,False,False,False,False,False,False,False,False,False,True,False,False,False,False,False,False
21,nan,False,False,False,False,False,False,False,False,False,False,True,False,False,False,False,False,False,True,False,False,False,False,False,False,True,False,False,False,False,False,True,False,False,True,False,False,False,False,False,False,True,False,True,False,False,False,False,True,False,False,False,False,True,False,False,False,False,True,False,False,False,True,False,False,0.0,False,False,False,False,True,False,False,False,False,False,False,False,False,False,True,False,False,False,False,False,False,False
18,nan,False,False,False,False,False,False,False,True,False,False,False,False,False,False,False,False,False,True,False,False,False,False,False,True,False,False,True,False,False,False,False,False,False,False,True,False,True,False,False,False,False,False,False,True,False,False,False,False,True,False,False,False,False,False,False,True,True,False,False,False,False,False,False,True,0.0,False,False,True,False,False,False,False,False,False,False,False,False,False,False,False,True,False,False,False,False,False,True
18,nan,False,False,False,False,False,False,False,True,False,False,False,False,False,False,False,False,False,True,False,False,False,False,False,False,False,True,False,True,False,False,False,False,False,True,False,False,False,False,True,False,False,False,True,False,False,False,False,False,False,False,True,False,True,False,False,False,False,True,False,False,False,True,False,False,0.0,False,False,True,False,False,False,False,False,False,False,False,False,False,False,False,True,False,False,False,False,False,True
20,nan,False,False,False,False,False,False,True,False,False,False,False,False,False,False,False,False,False,True,False,False,False,False,False,False,True,False,False,False,False,False,True,False,False,True,False,False,False,False,False,False,True,False,False,False,False,True,False,False,False,True,False,False,True,False,False,False,False,True,False,False,False,True,False,False,0.0,False,False,False,False,True,False,False,False,False,False,False,False,False,False,False,False,False,False,False,True,False,False
20,nan,False,False,False,False,False,False,False,False,False,False,False,True,False,False,False,False,False,False,True,False,False,True,False,False,False,False,True,False,False,False,False,False,False,False,False,True,False,False,False,False,True,False,False,True,False,False,False,False,True,False,False,False,True,False,False,False,False,True,False,False,False,False,False,True,0.0,False,False,False,True,False,False,False,False,False,False,False,False,False,True,False,False,False,False,False,False,False,False
20,nan,False,False,False,False,False,False,False,False,False,False,False,False,False,False,False,False,True,True,False,False,False,False,False,True,False,False,False,False,False,False,True,False,False,False,False,True,False,False,True,False,False,True,False,False,False,False,False,False,True,False,False,False,False,False,False,True,False,False,True,False,False,False,False,True,0.0,False,False,False,False,True,False,False,False,False,False,False,False,False,True,False,False,False,False,False,False,False,True
21,No,False,False,False,False,False,False,False,False,False,False,False,True,False,False,False,False,False,False,True,False,False,False,False,False,False,True,False,False,False,False,True,False,True,False,False,False,False,False,True,False,False,False,False,False,False,True,False,False,False,False,True,False,True,False,False,False,False,True,False,False,False,False,False,True,0.0,False,False,False,False,True,False,False,False,False,False,False,False,False,True,False,False,False,False,False,False,False,False
21,nan,False,False,False,False,False,False,False,False,False,False,False,True,False,False,False,False,False,False,True,False,False,False,False,False,True,False,False,False,False,True,False,False,False,False,True,False,False,False,False,True,False,False,False,False,False,True,False,False,False,False,True,False,True,False,False,False,False,False,False,True,False,False,False,True,0.0,False,False,False,False,True,False,False,False,False,False,False,False,False,True,False,False,False,False,False,False,False,False
21,nan,False,False,False,False,False,False,False,True,False,False,False,False,False,False,False,False,False,False,True,False,False,False,False,False,False,True,False,False,False,False,True,True,False,False,False,False,False,False,False,True,False,False,False,False,False,True,False,False,True,False,False,False,True,False,False,False,False,False,False,True,False,True,False,False,0.0,False,False,False,False,True,False,False,False,False,False,False,False,False,False,False,True,False,False,False,False,False,False
20,No,False,False,False,False,False,False,False,False,False,True,False,False,False,False,False,False,False,True,False,False,False,False,False,False,True,False,False,False,False,True,False,False,False,True,False,False,False,False,False,True,False,False,False,False,True,False,False,False,False,True,False,False,True,False,False,False,False,True,False,False,False,True,False,False,0.0,False,False,False,True,False,False,False,False,False,False,False,False,False,True,False,False,False,False,False,False,False,True
20,nan,False,False,False,False,False,False,False,False,False,False,False,True,False,False,False,False,False,False,True,False,False,False,False,True,False,False,False,False,True,False,False,False,False,True,False,False,False,False,False,True,False,False,False,False,False,True,False,True,False,False,False,False,True,False,False,False,False,True,False,False,False,False,False,True,0.0,False,False,False,False,True,False,False,False,False,False,False,False,False,True,False,False,False,False,False,False,False,False
20,nan,False,False,False,True,False,False,False,False,False,False,False,False,False,False,False,False,False,False,True,False,False,False,False,False,True,False,False,False,False,False,True,False,False,True,False,False,False,False,False,False,True,False,True,False,False,False,False,True,False,False,False,False,True,False,False,False,False,True,False,False,False,False,False,True,0.0,False,False,False,False,True,False,False,False,False,False,False,False,False,True,False,False,False,False,False,False,False,False
18,No,False,True,False,False,False,False,False,False,False,False,False,False,False,False,False,False,False,True,False,False,False,False,False,False,False,True,False,False,False,True,False,False,False,False,True,False,False,False,False,True,False,False,False,True,False,False,False,False,False,True,False,False,True,False,False,False,False,True,False,False,False,True,False,False,0.0,False,False,True,False,False,False,False,False,False,False,False,False,False,False,False,True,False,False,False,False,False,False
18,nan,False,False,False,False,False,False,False,True,False,False,False,False,False,False,False,False,False,True,False,False,False,False,False,True,False,False,True,False,False,False,False,True,False,False,False,False,False,False,False,False,True,False,False,False,False,True,False,False,True,False,False,False,True,False,False,False,False,False,False,True,False,False,False,True,0.0,False,False,True,False,False,False,False,False,False,False,False,False,False,False,False,True,False,False,False,False,False,True
18,Nope,False,False,False,False,False,False,False,True,False,False,False,False,False,False,False,False,False,False,True,False,False,False,False,False,False,True,False,False,False,False,True,False,True,False,False,False,False,False,False,True,False,False,False,False,False,True,True,False,False,False,False,False,False,False,False,True,False,False,False,False,True,False,False,True,0.0,False,False,True,False,False,False,False,False,False,False,False,False,False,False,False,True,False,False,False,False,False,True
21,No,False,False,False,False,False,False,False,False,False,False,False,False,False,True,False,False,False,True,False,False,False,False,False,False,False,True,True,False,False,False,False,True,False,False,False,False,True,False,False,False,False,False,False,True,False,False,False,False,True,False,False,False,True,False,False,False,False,False,False,False,True,True,False,False,0.0,False,False,False,False,True,False,False,False,False,False,False,False,False,True,False,False,False,False,False,False,False,True
18,No,False,False,False,False,False,False,False,True,False,False,False,False,False,False,False,False,False,False,True,False,False,False,False,False,False,True,False,False,False,False,True,False,False,True,False,False,False,False,True,False,False,False,False,True,False,False,False,False,False,True,False,False,False,True,False,False,False,True,False,False,False,False,True,False,0.0,False,False,True,False,False,False,False,False,False,False,False,False,False,False,False,False,False,False,False,True,False,True
21,nan,False,True,False,False,False,False,False,False,False,False,False,False,False,False,False,False,False,False,True,False,False,True,False,False,False,False,False,False,False,False,True,True,False,False,False,False,False,False,True,False,False,False,False,True,False,False,False,False,False,False,True,False,True,False,False,False,False,False,False,True,False,False,False,True,0.0,False,False,False,False,True,False,False,False,False,False,False,False,False,True,False,False,False,False,False,False,False,False
20,"Everyone is concerned for their emotional wellbeing and mental piece. There is a lot difference in depression and anxiety. What most of the people feel is anxiety may be towards a particular work or any personal issues or may be due to official deadlines and stress caused by it. Mostly it lasts during that particular stress period only. So we can't clearly conclude that a person has anxiety or nervousness issues. Nevertheless it's becomes a habit of getting panic in most important times and we can find a pattern of it's occurrence. 
But depression is a effect related to a hopelessness due to a certain reason, which may turn harmful sometimes and it surely needs some kind of mental and moral support at a particular point. ",False,False,True,False,False,False,False,False,False,False,False,False,False,False,False,False,False,True,False,False,False,False,False,False,False,True,False,False,False,True,False,False,False,True,False,False,False,False,False,False,True,False,False,False,False,True,False,False,False,True,False,False,True,False,False,False,False,True,False,False,False,True,False,False,-0.8889,False,False,False,False,True,False,False,False,False,False,False,False,False,True,False,False,False,False,False,False,False,False
21,No ,False,False,False,False,False,False,False,False,False,False,False,False,False,False,False,True,False,True,False,False,False,False,False,False,True,False,False,False,False,True,False,True,False,False,False,False,False,True,False,False,False,False,False,True,False,False,False,True,False,False,False,False,True,False,False,False,False,False,False,True,False,True,False,False,0.0,False,False,False,False,True,False,False,False,False,False,False,False,False,True,False,False,False,False,False,False,False,True
19,nan,False,False,False,False,False,False,True,False,False,False,False,False,False,False,False,False,False,True,False,False,False,False,False,False,False,True,False,False,True,False,False,False,False,False,False,True,True,False,False,False,False,True,False,False,False,False,False,False,False,False,True,False,True,False,False,False,False,False,False,False,True,True,False,False,0.0,False,False,False,True,False,False,False,False,False,False,False,False,False,True,False,False,False,False,False,False,False,False
21,nan,False,False,False,False,False,False,False,False,False,True,False,False,False,False,False,False,False,False,True,False,False,False,False,False,False,True,False,True,False,False,False,False,False,False,True,False,False,True,False,False,False,False,False,False,True,False,False,False,False,False,True,False,False,True,False,False,False,False,False,False,True,True,False,False,0.0,False,False,False,False,True,False,False,False,False,False,False,False,False,True,False,False,False,False,False,False,False,False
19,No,False,False,True,False,False,False,False,False,False,False,False,False,False,False,False,False,False,True,False,False,False,False,False,True,False,False,False,False,True,False,False,False,True,False,False,False,False,False,False,False,True,False,True,False,False,False,True,False,False,False,False,False,True,False,False,False,False,False,False,True,False,False,False,True,0.0,False,False,True,False,False,False,False,False,False,False,False,False,False,False,False,True,False,False,False,False,False,False
24,nan,False,False,False,False,False,False,False,False,False,False,False,False,False,False,False,True,False,True,False,False,False,False,False,True,False,False,False,False,False,False,True,False,False,True,False,False,False,False,True,False,False,False,False,True,False,False,False,False,False,True,False,False,True,False,False,False,False,False,False,False,True,True,False,False,0.0,False,False,False,False,False,False,False,False,True,False,False,False,False,False,False,False,False,False,False,True,False,True
20,nan,False,False,False,False,False,False,False,True,False,False,False,False,False,False,False,False,False,True,False,False,False,False,False,False,True,False,False,False,False,True,False,False,False,True,False,False,False,True,False,False,False,False,True,False,False,False,False,True,False,False,False,False,True,False,False,False,False,True,False,False,False,True,False,False,0.0,False,False,False,False,True,False,False,False,False,False,False,False,False,True,False,False,False,False,False,False,False,False
21,nan,False,False,False,False,False,False,False,True,False,False,False,False,False,False,False,False,False,True,False,False,False,False,False,True,False,False,False,False,False,False,True,False,False,True,False,False,False,True,False,False,False,False,True,False,False,False,True,False,False,False,False,False,True,False,False,False,False,False,False,True,False,False,False,True,0.0,False,False,False,False,True,False,False,False,False,False,False,False,False,True,False,False,False,False,False,False,False,False
20,nan,False,False,False,True,False,False,False,False,False,False,False,False,False,False,False,False,False,False,True,False,False,False,False,False,False,True,False,False,False,False,True,False,False,True,False,False,False,True,False,False,False,False,True,False,False,False,False,True,False,False,False,False,True,False,False,False,False,True,False,False,False,True,False,False,0.0,False,False,False,False,True,False,False,False,False,False,False,False,False,False,False,True,False,False,False,False,False,False
19,No,False,False,False,False,False,False,False,False,False,True,False,False,False,False,False,False,False,False,True,False,False,False,True,False,False,False,False,False,False,True,False,True,False,False,False,False,False,True,False,False,False,False,True,False,False,False,False,False,False,True,False,False,True,False,False,False,False,True,False,False,False,True,False,False,0.0,False,False,True,False,False,False,False,False,False,False,False,False,False,False,False,False,False,False,False,True,False,False
19,nan,False,False,False,False,False,False,False,True,False,False,False,False,False,False,False,False,False,False,True,False,False,False,False,True,False,False,False,False,False,False,True,True,False,False,False,False,False,False,True,False,False,False,False,True,False,False,False,False,False,False,True,False,False,False,True,False,False,True,False,False,False,True,False,False,0.0,False,False,True,False,False,False,False,False,False,False,False,False,False,False,True,False,False,False,False,False,False,False
19,nan,False,False,False,False,False,False,False,False,False,False,False,False,False,False,False,False,True,True,False,False,False,False,False,False,False,True,False,False,False,True,False,True,False,False,False,False,False,True,False,False,False,False,False,True,False,False,False,False,True,False,False,False,False,False,False,True,False,False,False,True,False,True,False,False,0.0,False,False,False,True,False,False,False,False,False,False,False,False,False,False,False,True,False,False,False,False,False,False
20,I just feel agitated all the time and I get angry at people who've done nothing to me,False,False,False,False,False,False,False,False,False,False,True,False,False,False,False,False,False,False,True,False,False,True,False,False,False,False,False,False,True,False,False,True,False,False,False,False,False,True,False,False,False,False,True,False,False,False,False,False,True,False,False,True,False,False,False,False,False,False,True,False,False,False,True,False,-0.743,False,False,False,True,False,False,False,False,False,False,False,False,True,False,False,False,False,False,False,False,False,False
20,nan,False,False,False,False,False,False,False,False,False,True,False,False,False,False,False,False,False,True,False,False,False,False,False,True,False,False,True,False,False,False,False,False,True,False,False,False,False,False,False,False,True,True,False,False,False,False,True,False,False,False,False,False,True,False,False,False,False,True,False,False,False,False,False,True,0.0,False,False,False,False,False,False,True,False,False,False,False,False,False,False,False,False,False,False,False,True,False,False
21,No,False,False,False,False,False,False,False,False,False,True,False,False,False,False,False,False,False,False,True,False,False,False,False,False,True,False,False,False,False,True,False,False,False,True,False,False,False,True,False,False,False,False,True,False,False,False,False,True,False,False,False,False,True,False,False,False,False,True,False,False,False,True,False,False,0.0,False,False,False,False,False,True,False,False,False,False,False,False,False,False,False,True,False,False,False,False,False,False
22,nan,False,False,False,False,False,False,False,False,False,True,False,False,False,False,False,False,False,False,True,False,False,False,False,False,False,True,False,False,False,True,False,False,False,True,False,False,False,True,False,False,False,False,False,False,False,True,False,True,False,False,False,False,True,False,False,False,False,True,False,False,False,True,False,False,0.0,False,False,False,False,False,True,False,False,False,False,False,False,False,False,False,True,False,False,False,False,False,False
22,nan,False,False,False,False,False,False,False,False,False,True,False,False,False,False,False,False,False,False,True,False,False,False,False,False,False,True,False,True,False,False,False,False,False,True,False,False,False,True,False,False,False,False,False,False,True,False,False,True,False,False,False,False,True,False,False,False,False,True,False,False,False,True,False,False,0.0,False,False,False,False,False,True,False,False,False,False,False,False,False,False,False,True,False,False,False,False,False,False
20,Nope.,False,True,False,False,False,False,False,False,False,False,False,False,False,False,False,False,False,True,False,False,False,True,False,False,False,False,True,False,False,False,False,False,True,False,False,False,True,False,False,False,False,True,False,False,False,False,False,False,True,False,False,False,False,False,False,True,False,False,True,False,False,False,True,False,0.0,False,False,False,False,True,False,False,False,False,False,False,False,False,True,False,False,False,False,False,False,False,False
18," Just say All is well , All is well!!",False,False,False,False,False,False,False,False,False,False,False,False,False,False,False,True,False,False,True,False,False,False,True,False,False,False,False,True,False,False,False,True,False,False,False,False,False,True,False,False,False,False,True,False,False,False,False,True,False,False,False,False,True,False,False,False,False,True,False,False,False,True,False,False,0.5837,False,False,True,False,False,False,False,False,False,False,False,False,False,False,False,True,False,False,False,False,False,False
19,No,False,False,False,False,False,False,False,True,False,False,False,False,False,False,False,False,False,True,False,False,False,False,False,True,False,False,False,False,False,False,True,True,False,False,False,False,False,False,False,False,True,False,False,True,False,False,True,False,False,False,False,False,False,False,False,True,False,False,True,False,False,False,False,True,0.0,False,False,False,True,False,False,False,False,False,False,False,False,False,False,False,True,False,False,False,False,False,True
20,No,False,False,False,False,False,False,False,False,False,False,True,False,False,False,False,False,False,True,False,False,False,False,False,False,False,True,False,False,True,False,False,False,False,False,False,True,False,False,False,True,False,False,False,False,False,True,False,False,True,False,False,False,False,False,False,True,False,False,False,True,False,True,False,False,0.0,False,False,False,False,True,False,False,False,False,False,False,False,False,False,False,True,False,False,False,False,False,True
20,nan,False,False,False,False,False,False,False,False,False,False,True,False,False,False,False,False,False,True,False,False,False,False,False,True,False,False,False,False,True,False,False,True,False,False,False,False,False,True,False,False,False,False,False,True,False,False,False,True,False,False,False,False,True,False,False,False,False,False,False,False,True,False,False,True,0.0,False,False,False,False,True,False,False,False,False,False,False,False,True,False,False,False,False,False,False,False,False,False
20,nan,False,False,False,False,False,False,False,False,False,False,True,False,False,False,False,False,False,True,False,False,False,False,False,False,False,True,True,False,False,False,False,True,False,False,False,False,False,False,False,False,True,True,False,False,False,False,False,False,True,False,False,False,False,False,True,False,False,False,True,False,False,False,False,True,0.0,False,False,False,True,False,False,False,False,False,False,False,False,False,False,False,False,False,False,True,False,False,True
21,ðŸ˜­ðŸ¥¹,False,False,False,False,False,False,False,False,True,False,False,False,False,False,False,False,False,False,True,False,False,True,False,False,False,False,True,False,False,False,False,False,False,False,True,False,True,False,False,False,False,True,False,False,False,False,True,False,False,False,False,False,True,False,False,False,False,True,False,False,False,False,True,False,0.0,False,False,False,False,True,False,False,False,False,False,False,False,False,False,False,True,False,False,False,False,False,True
20,nan,False,False,False,False,False,False,False,False,False,False,True,False,False,False,False,False,False,False,True,False,False,False,False,False,True,False,False,False,False,True,False,False,False,False,True,False,False,True,False,False,False,False,False,False,True,False,False,False,False,True,False,False,True,False,False,False,False,True,False,False,False,True,False,False,0.0,False,False,False,False,True,False,False,False,False,False,False,False,False,False,False,True,False,False,False,False,False,False
20,nan,False,False,False,False,False,False,False,False,False,False,True,False,False,False,False,False,False,True,False,False,False,False,False,False,False,True,False,False,True,False,False,False,False,False,True,False,False,True,False,False,False,False,True,False,False,False,False,False,False,True,False,False,False,False,False,True,False,False,False,True,False,True,False,False,0.0,False,False,False,False,True,False,False,False,False,False,False,False,False,False,False,False,False,False,False,False,True,False
20,nan,False,False,False,False,False,False,False,False,False,False,False,False,True,False,False,False,False,True,False,False,False,False,False,False,True,False,False,False,False,False,True,False,False,True,False,False,False,False,True,False,False,False,False,False,False,True,False,False,False,True,False,False,True,False,False,False,False,False,False,False,True,True,False,False,0.0,False,False,False,False,True,False,False,False,False,False,False,False,True,False,False,False,False,False,False,False,False,False
20,nan,False,False,False,False,False,False,False,False,False,False,True,False,False,False,False,False,False,True,False,False,False,False,False,False,False,True,False,False,True,False,False,False,False,True,False,False,False,False,True,False,False,False,False,True,False,False,False,False,False,False,True,False,False,False,True,False,False,False,False,True,False,True,False,False,0.0,False,False,False,False,True,False,False,False,False,False,False,False,False,False,False,False,False,False,False,False,True,True
21,nan,False,False,False,False,False,False,False,False,False,False,False,True,False,False,False,False,False,False,True,False,False,True,False,False,False,False,True,False,False,False,False,False,True,False,False,False,False,False,True,False,False,True,False,False,False,False,True,False,False,False,False,True,False,False,False,False,False,True,False,False,False,False,True,False,0.0,False,False,False,False,True,False,False,False,False,False,False,False,False,False,False,True,False,False,False,False,False,False
21,"Pay for my therapy, thank you!",False,False,False,False,False,False,False,False,False,False,False,False,False,False,False,False,True,True,False,False,False,True,False,False,False,False,True,False,False,False,False,False,False,False,False,True,True,False,False,False,False,True,False,False,False,False,False,False,True,False,False,False,False,False,False,True,True,False,False,False,False,False,False,True,0.3382,False,False,False,False,True,False,False,False,False,False,False,False,False,True,False,False,False,False,False,False,False,True
20,nan,False,False,False,False,False,False,False,False,False,True,False,False,False,False,False,False,False,True,False,False,False,False,False,True,False,False,False,False,False,True,False,False,False,True,False,False,True,False,False,False,False,False,False,True,False,False,False,False,True,False,False,False,True,False,False,False,False,True,False,False,False,False,False,True,0.0,False,False,False,False,True,False,False,False,False,False,False,False,False,True,False,False,False,False,False,False,False,False
21,No.,False,False,False,False,False,False,False,False,False,False,True,False,False,False,False,False,False,True,False,False,False,False,False,False,False,True,False,False,False,False,True,False,True,False,False,False,False,False,True,False,False,False,False,True,False,False,False,True,False,False,False,False,True,False,False,False,False,False,False,True,False,True,False,False,0.0,False,False,False,False,True,False,False,False,False,False,False,False,True,False,False,False,False,False,False,False,False,True
18,No,False,False,False,False,False,False,False,True,False,False,False,False,False,False,False,False,False,True,False,False,False,False,False,True,False,False,False,False,False,True,False,False,True,False,False,False,False,False,False,True,False,False,True,False,False,False,False,False,False,False,True,False,False,False,False,True,False,False,False,True,False,True,False,False,0.0,False,False,True,False,False,False,False,False,False,False,False,False,False,False,False,False,False,False,False,True,False,True
21,No,False,False,False,False,False,False,False,True,False,False,False,False,False,False,False,False,False,False,True,False,False,False,False,False,True,False,False,False,False,True,False,False,False,True,False,False,False,True,False,False,False,False,True,False,False,False,False,False,False,False,True,False,True,False,False,False,False,True,False,False,False,True,False,False,0.0,False,False,False,False,True,False,False,False,False,False,False,False,False,True,False,False,False,False,False,False,False,False
21,nan,False,False,False,False,False,True,False,False,False,False,False,False,False,False,False,False,False,False,True,False,False,False,False,False,False,True,False,False,False,True,False,True,False,False,False,False,False,False,True,False,False,False,False,False,True,False,True,False,False,False,False,False,True,False,False,False,False,True,False,False,False,True,False,False,0.0,False,False,False,False,True,False,False,False,False,False,False,False,False,False,False,True,False,False,False,False,False,False
20,nan,False,False,False,False,False,False,False,False,False,False,True,False,False,False,False,False,False,True,False,False,False,True,False,False,False,False,True,False,False,False,False,False,False,True,False,False,False,False,True,False,False,True,False,False,False,False,True,False,False,False,False,True,False,False,False,False,True,False,False,False,False,True,False,False,0.0,False,False,False,False,True,False,False,False,False,False,False,False,False,False,True,False,False,False,False,False,False,True
19,nan,False,False,False,False,False,False,False,False,False,False,True,False,False,False,False,False,False,True,False,False,False,False,True,False,False,False,False,False,False,True,False,True,False,False,False,False,False,False,False,True,False,False,False,False,False,True,False,False,False,False,True,False,True,False,False,False,False,True,False,False,False,False,False,True,0.0,False,False,False,True,False,False,False,False,False,False,False,False,False,False,False,False,False,False,False,False,True,False
20,nan,False,False,False,False,False,False,False,False,False,False,False,True,False,False,False,False,False,False,True,False,False,False,False,False,False,True,False,False,False,False,True,False,True,False,False,False,False,False,True,False,False,True,False,False,False,False,True,False,False,False,False,False,True,False,False,False,False,False,False,True,False,False,False,True,0.0,False,False,False,False,True,False,False,False,False,False,False,False,False,True,False,False,False,False,False,False,False,False
26,Nope,False,False,False,False,False,False,False,False,False,True,False,False,False,False,False,False,False,True,False,False,False,False,False,False,True,False,False,False,False,True,False,False,False,True,False,False,False,True,False,False,False,False,True,False,False,False,False,True,False,False,False,False,True,False,False,False,False,False,False,True,False,True,False,False,0.0,False,False,False,False,False,False,False,True,False,False,False,False,False,False,True,False,False,False,False,False,False,False
26,nan,False,False,False,False,False,False,False,False,False,False,True,False,False,False,False,False,False,True,False,False,False,False,False,False,False,True,False,False,False,False,True,False,False,True,False,False,False,False,False,True,False,False,False,False,True,False,False,False,True,False,False,False,False,False,True,False,False,False,False,False,True,False,False,True,0.0,False,False,False,False,False,False,False,False,False,True,False,False,False,False,True,False,False,False,False,False,False,True
21,Naah,False,True,False,False,False,False,False,False,False,False,False,False,False,False,False,False,False,False,True,False,False,False,False,False,False,True,False,False,False,True,False,True,False,False,False,False,True,False,False,False,False,True,False,False,False,False,True,False,False,False,False,False,True,False,False,False,False,False,True,False,False,False,False,True,0.0,False,False,False,False,True,False,False,False,False,False,False,False,False,True,False,False,False,False,False,False,False,False
21,No,False,False,False,False,False,False,False,False,False,False,False,True,False,False,False,False,False,False,True,False,False,False,True,False,False,False,False,False,False,True,False,False,False,True,False,False,False,True,False,False,False,False,False,False,False,True,False,False,False,True,False,False,True,False,False,False,False,True,False,False,False,False,False,True,0.0,False,False,False,False,True,False,False,False,False,False,False,False,False,True,False,False,False,False,False,False,False,False
21,No,False,False,False,True,False,False,False,False,False,False,False,False,False,False,False,False,False,False,True,False,False,False,False,True,False,False,False,False,True,False,False,True,False,False,False,False,True,False,False,False,False,True,False,False,False,False,True,False,False,False,False,False,True,False,False,False,False,True,False,False,False,False,True,False,0.0,False,False,False,False,True,False,False,False,False,False,False,False,False,True,False,False,False,False,False,False,False,False
20,nan,False,False,False,False,False,False,False,False,False,False,False,True,False,False,False,False,False,False,True,False,False,False,False,False,False,True,False,False,False,False,True,False,True,False,False,False,False,False,False,False,True,False,False,True,False,False,False,False,False,False,True,False,False,False,True,False,False,False,False,True,False,False,False,True,0.0,False,False,False,False,True,False,False,False,False,False,False,False,False,False,False,True,False,False,False,False,False,False
22,"I have autism. I don't Suffer, I just have it ",False,False,False,False,False,False,False,False,False,False,False,True,False,False,False,False,False,False,True,False,False,True,False,False,False,False,True,False,False,False,False,True,False,False,False,False,True,False,False,False,False,True,False,False,False,False,True,False,False,False,False,True,False,False,False,False,True,False,False,False,False,False,True,False,0.431,False,False,False,False,True,False,False,False,False,False,False,False,False,False,False,True,False,False,False,False,False,True
25,"Well from god's sake , everything is well and fine and i hope it continues to go like that and i wish everyone to never experience any personal and mental trauma !! ",False,False,False,False,False,False,False,False,False,True,False,False,False,False,False,False,False,False,True,False,False,False,False,False,True,False,False,True,False,False,False,False,False,True,False,False,False,True,False,False,False,False,False,False,True,False,False,True,False,False,False,False,True,False,False,False,False,True,False,False,False,True,False,False,0.8715,False,False,False,False,False,False,False,True,False,False,False,False,False,False,False,False,False,False,False,True,False,False
22,nan,False,False,False,False,False,False,False,False,False,True,False,False,False,False,False,False,False,True,False,False,False,False,True,False,False,False,False,True,False,False,False,False,False,False,False,True,False,False,False,False,True,False,True,False,False,False,False,False,False,True,False,False,True,False,False,False,False,True,False,False,False,True,False,False,0.0,False,False,False,False,False,False,False,False,False,True,False,False,False,False,False,False,False,False,False,True,False,False
21,nan,False,False,False,False,False,False,False,True,False,False,False,False,False,False,False,False,False,False,True,False,False,False,False,False,False,True,False,False,False,True,False,False,False,False,True,False,False,False,False,True,False,False,False,True,False,False,False,False,False,False,True,False,True,False,False,False,False,True,False,False,False,True,False,False,0.0,False,False,False,False,True,False,False,False,False,False,False,False,False,False,False,True,False,False,False,False,False,False
21,nan,False,False,False,False,False,False,False,False,False,False,False,True,False,False,False,False,False,True,False,False,False,False,False,False,False,True,False,True,False,False,False,False,False,True,False,False,False,False,False,False,True,False,False,False,False,True,False,False,False,False,True,False,True,False,False,False,False,True,False,False,False,True,False,False,0.0,False,False,False,False,True,False,False,False,False,False,False,False,False,False,False,True,False,False,False,False,False,True
21,"Depression is a myth, fight your inner demons.",False,False,False,False,False,False,False,False,False,False,False,False,False,False,False,True,False,False,True,False,False,False,False,False,True,False,False,False,False,True,False,False,False,True,False,False,False,False,False,True,False,False,False,False,True,False,True,False,False,False,False,False,True,False,False,False,False,True,False,False,False,True,False,False,-0.743,False,False,False,False,True,False,False,False,False,False,False,False,False,False,False,True,False,False,False,False,False,False
21,I am restless ,False,False,False,False,False,False,False,False,False,False,False,False,False,False,False,True,False,False,True,False,False,False,False,False,True,False,False,False,False,True,False,False,True,False,False,False,False,True,False,False,False,False,True,False,False,False,False,False,False,False,True,False,True,False,False,False,False,True,False,False,False,False,False,True,-0.2732,False,False,False,False,True,False,False,False,False,False,False,False,False,True,False,False,False,False,False,False,False,False
20,Nu-uh â˜ï¸,False,False,False,True,False,False,False,False,False,False,False,False,False,False,False,False,False,False,True,False,False,False,True,False,False,False,False,True,False,False,False,False,False,True,False,False,False,True,False,False,False,False,True,False,False,False,False,True,False,False,False,False,True,False,False,False,False,True,False,False,False,True,False,False,0.0,False,False,False,False,True,False,False,False,False,False,False,False,False,True,False,False,False,False,False,False,False,False
20,nan,False,False,False,False,False,False,False,False,False,False,False,True,False,False,False,False,False,True,False,False,False,False,False,False,False,True,False,False,False,True,False,False,False,True,False,False,False,True,False,False,False,False,True,False,False,False,False,True,False,False,False,False,True,False,False,False,False,True,False,False,False,True,False,False,0.0,False,False,False,False,True,False,False,False,False,False,False,False,False,True,False,False,False,False,False,False,False,False
24,nan,False,False,False,False,False,False,False,False,False,True,False,False,False,False,False,False,False,False,True,False,False,False,False,False,False,True,False,False,False,False,True,False,False,False,True,False,False,False,False,False,True,False,True,False,False,False,False,False,False,False,True,False,True,False,False,False,False,True,False,False,False,True,False,False,0.0,False,False,False,False,False,False,False,False,False,True,False,False,False,False,False,False,False,True,False,False,False,False
21,No,True,False,False,False,False,False,False,False,False,False,False,False,False,False,False,False,False,False,True,False,False,False,True,False,False,False,False,True,False,False,False,False,False,False,False,True,False,False,False,True,False,False,True,False,False,False,False,True,False,False,False,False,True,False,False,False,False,True,False,False,False,True,False,False,0.0,False,False,False,False,True,False,False,False,False,False,False,False,False,False,False,True,False,False,False,False,False,False
21,No,True,False,False,False,False,False,False,False,False,False,False,False,False,False,False,False,False,True,False,False,False,False,False,False,False,True,False,False,False,False,True,True,False,False,False,False,False,False,False,False,True,False,False,False,False,True,False,False,False,False,True,False,False,False,False,True,False,False,False,False,True,False,False,True,0.0,False,False,False,False,False,True,False,False,False,False,False,False,False,False,True,False,False,False,False,False,False,False
18,nan,True,False,False,False,False,False,False,False,False,False,False,False,False,False,False,False,False,False,True,False,False,False,True,False,False,False,False,True,False,False,False,False,False,False,True,False,False,True,False,False,False,False,True,False,False,False,True,False,False,False,False,False,True,False,False,False,False,True,False,False,False,True,False,False,0.0,False,False,True,False,False,False,False,False,False,False,False,False,True,False,False,False,False,False,False,False,False,False
19,nan,True,False,False,False,False,False,False,False,False,False,False,False,False,False,False,False,False,True,False,False,False,False,False,False,True,False,False,True,False,False,False,False,False,True,False,False,False,True,False,False,False,False,True,False,False,False,False,True,False,False,False,False,True,False,False,False,False,True,False,False,False,True,False,False,0.0,False,False,True,False,False,False,False,False,False,False,False,False,True,False,False,False,False,False,False,False,False,False
21,NOTHING,False,False,False,False,False,False,True,False,False,False,False,False,False,False,False,False,False,False,True,False,False,True,False,False,False,False,False,False,True,False,False,True,False,False,False,False,False,False,False,True,False,False,False,True,False,False,False,False,True,False,False,False,False,True,False,False,True,False,False,False,False,False,True,False,0.0,False,False,False,False,True,False,False,False,False,False,False,False,False,False,False,True,False,False,False,False,False,True
27,nan,False,False,False,False,False,False,False,False,False,False,False,False,False,False,False,True,False,True,False,False,False,False,False,True,False,False,False,False,True,False,False,False,False,True,False,False,False,False,False,False,True,True,False,False,False,False,False,False,True,False,False,False,True,False,False,False,False,False,False,False,True,True,False,False,0.0,False,False,False,False,False,False,False,False,False,True,False,False,False,False,False,False,False,False,False,True,False,False
18,No,True,False,False,False,False,False,False,False,False,False,False,False,False,False,False,False,False,False,True,False,False,False,True,False,False,False,False,False,False,True,False,False,False,True,False,False,False,False,False,False,True,False,True,False,False,False,False,True,False,False,False,False,True,False,False,False,False,True,False,False,False,True,False,False,0.0,False,True,False,False,False,False,False,False,False,False,False,False,True,False,False,False,False,False,False,False,False,False
21,Na,False,True,False,False,False,False,False,False,False,False,False,False,False,False,False,False,False,False,True,False,False,False,True,False,False,False,False,True,False,False,False,False,False,True,False,False,False,True,False,False,False,False,True,False,False,False,False,True,False,False,False,False,True,False,False,False,False,True,False,False,False,True,False,False,0.0,False,False,False,False,True,False,False,False,False,False,False,False,False,True,False,False,False,False,False,False,False,False
21,nan,False,False,False,False,False,False,False,False,False,True,False,False,False,False,False,False,False,False,True,False,False,False,False,False,False,True,False,False,False,False,True,False,False,True,False,False,False,True,False,False,False,False,True,False,False,False,False,False,False,False,True,False,True,False,False,False,False,True,False,False,False,False,False,True,0.0,False,False,False,False,False,True,False,False,False,False,False,False,False,True,False,False,False,False,False,False,False,False
20,nan,False,False,False,False,False,False,True,False,False,False,False,False,False,False,False,False,False,True,False,False,False,False,False,True,False,False,False,False,True,False,False,False,False,True,False,False,False,False,False,False,True,False,True,False,False,False,False,False,True,False,False,False,True,False,False,False,True,False,False,False,False,False,False,True,0.0,False,False,False,False,True,False,False,False,False,False,False,False,False,False,False,True,False,False,False,False,False,True
19,nan,True,False,False,False,False,False,False,False,False,False,False,False,False,False,False,False,False,False,True,False,False,False,False,False,False,True,False,False,False,False,True,False,False,True,False,False,False,True,False,False,False,False,False,False,True,False,False,False,False,True,False,False,True,False,False,False,False,True,False,False,False,False,False,True,0.0,False,False,True,False,False,False,False,False,False,False,False,False,False,True,False,False,False,False,False,False,False,False
18,No,True,False,False,False,False,False,False,False,False,False,False,False,False,False,False,False,False,False,True,False,False,False,True,False,False,False,False,False,False,False,True,False,True,False,False,False,False,False,False,True,False,False,False,False,True,False,False,True,False,False,False,False,True,False,False,False,False,False,False,False,True,True,False,False,0.0,True,False,False,False,False,False,False,False,False,False,False,False,True,False,False,False,False,False,False,False,False,False
20,nan,False,True,False,False,False,False,False,False,False,False,False,False,False,False,False,False,False,False,True,False,False,False,False,False,True,False,False,False,False,True,False,False,False,False,False,True,False,True,False,False,False,False,False,False,False,True,False,True,False,False,False,False,True,False,False,False,False,True,False,False,False,True,False,False,0.0,False,False,False,False,True,False,False,False,False,False,False,False,False,True,False,False,False,False,False,False,False,False
21,No,False,False,False,False,False,False,True,False,False,False,False,False,False,False,False,False,False,False,True,False,False,False,True,False,False,False,False,False,False,True,False,False,False,False,False,True,False,True,False,False,False,False,True,False,False,False,False,False,False,False,True,False,True,False,False,False,False,True,False,False,False,True,False,False,0.0,False,False,False,False,True,False,False,False,False,False,False,False,False,True,False,False,False,False,False,False,False,False
18,nan,False,False,False,False,False,False,False,False,False,False,True,False,False,False,False,False,False,False,True,False,False,False,False,True,False,False,False,False,True,False,False,False,False,False,False,True,False,False,False,False,True,False,False,False,True,False,True,False,False,False,False,False,False,False,False,True,False,False,False,False,True,False,False,True,0.0,False,False,False,True,False,False,False,False,False,False,False,False,False,True,False,False,False,False,False,False,False,True
19,All chill. ,False,False,False,False,False,False,False,False,False,False,True,False,False,False,False,False,False,False,True,False,False,False,True,False,False,False,False,True,False,False,False,False,False,True,False,False,False,False,False,True,False,False,False,False,True,False,False,True,False,False,False,False,True,False,False,False,False,True,False,False,False,True,False,False,0.0,False,False,False,True,False,False,False,False,False,False,False,False,False,False,False,False,False,False,False,False,True,False
19,No,False,False,False,False,False,False,False,False,False,False,True,False,False,False,False,False,False,False,True,False,False,False,False,False,True,False,False,True,False,False,False,False,False,False,True,False,False,True,False,False,False,False,True,False,False,False,False,True,False,False,False,False,True,False,False,False,False,True,False,False,False,True,False,False,0.0,False,False,False,True,False,False,False,False,False,False,False,False,True,False,False,False,False,False,False,False,False,False
19,No. ,False,False,False,False,False,False,False,False,False,False,True,False,False,False,False,False,False,False,True,False,False,False,False,False,True,False,False,False,False,True,False,False,False,True,False,False,False,True,False,False,False,False,False,False,False,True,False,False,False,False,True,False,True,False,False,False,False,True,False,False,False,True,False,False,0.0,False,False,True,False,False,False,False,False,False,False,False,False,False,False,True,False,False,False,False,False,False,False
18,"Past one year has been a significant emotional and mental decline, dealing with SH etc .",False,False,False,False,False,False,False,False,False,False,True,False,False,False,False,False,False,True,False,False,False,False,False,True,False,False,True,False,False,False,False,True,False,False,False,False,True,False,False,False,False,False,False,True,False,False,False,False,False,False,True,False,False,False,False,True,False,False,True,False,False,False,True,False,0.34,False,False,True,False,False,False,False,False,False,False,False,False,False,False,True,False,False,False,False,False,False,True
19,nan,False,False,False,False,False,False,False,False,False,False,True,False,False,False,False,False,False,False,True,False,False,False,True,False,False,False,False,False,False,True,False,False,False,False,False,True,False,True,False,False,False,False,True,False,False,False,False,True,False,False,False,False,True,False,False,False,False,True,False,False,False,True,False,False,0.0,False,False,True,False,False,False,False,False,False,False,False,False,False,False,False,False,False,False,False,True,False,False
20,My dopamine receptors are fried,False,False,False,False,False,False,False,False,False,False,True,False,False,False,False,False,False,False,True,False,False,False,True,False,False,False,False,True,False,False,False,False,False,True,False,False,False,False,False,True,False,False,False,True,False,False,False,False,False,False,True,False,True,False,False,False,False,True,False,False,False,True,False,False,0.0,False,False,True,False,False,False,False,False,False,False,False,False,False,False,False,False,False,False,False,True,False,False
16,Nah im good,False,False,False,False,False,False,False,False,False,False,True,False,False,False,False,False,False,False,True,False,False,False,False,False,True,False,False,False,False,True,False,False,False,False,False,True,True,False,False,False,False,False,False,False,False,True,False,False,False,True,False,False,True,False,False,False,False,False,False,True,False,True,False,False,0.0,True,False,False,False,False,False,False,False,False,False,False,False,True,False,False,False,False,False,False,False,False,False
18,nan,False,False,False,False,False,False,False,False,True,False,False,False,False,False,False,False,False,True,False,False,False,False,False,False,False,True,False,False,True,False,False,True,False,False,False,False,False,False,True,False,False,True,False,False,False,False,False,False,True,False,False,False,True,False,False,False,False,False,False,True,False,True,False,False,0.0,False,False,True,False,False,False,False,False,False,False,False,False,False,False,True,False,False,False,False,False,False,False
19,nan,False,False,False,False,False,False,False,False,False,False,True,False,False,False,False,False,False,False,True,False,False,False,False,False,False,True,True,False,False,False,False,True,False,False,False,False,True,False,False,False,False,False,False,False,False,True,True,False,False,False,False,False,True,False,False,False,False,True,False,False,False,False,True,False,0.0,False,False,True,False,False,False,False,False,False,False,False,False,False,False,False,False,False,False,False,True,False,False
18,nan,False,False,False,False,False,False,False,False,False,False,True,False,False,False,False,False,False,False,True,False,False,False,False,True,False,False,True,False,False,False,False,False,False,True,False,False,False,True,False,False,False,False,False,False,True,False,False,False,False,True,False,False,False,False,True,False,False,False,True,False,False,True,False,False,0.0,False,True,False,False,False,False,False,False,False,False,False,False,False,False,False,False,False,False,True,False,False,False
19,Iâ€™m doing alright!,False,False,False,False,False,False,False,False,True,False,False,False,False,False,False,False,False,True,False,False,False,False,True,False,False,False,False,False,False,True,False,False,False,True,False,False,False,True,False,False,False,True,False,False,False,False,True,False,False,False,False,False,True,False,False,False,False,True,False,False,False,True,False,False,0.3164,False,False,True,False,False,False,False,False,False,False,False,False,False,False,False,False,True,False,False,False,False,True
19,nan,False,False,False,False,False,False,False,False,False,False,True,False,False,False,False,False,False,False,True,False,False,False,False,False,True,False,False,False,False,False,True,True,False,False,False,False,False,False,False,True,False,False,False,True,False,False,False,False,True,False,False,False,True,False,False,False,False,True,False,False,False,False,False,True,0.0,False,False,True,False,False,False,False,False,False,False,False,False,False,False,True,False,False,False,False,False,False,False
20,nan,False,True,False,False,False,False,False,False,False,False,False,False,False,False,False,False,False,True,False,False,False,False,False,False,True,False,False,False,False,False,True,True,False,False,False,False,False,False,True,False,False,False,False,False,True,False,False,True,False,False,False,False,True,False,False,False,False,True,False,False,False,True,False,False,0.0,False,False,False,False,True,False,False,False,False,False,False,False,False,False,False,True,False,False,False,False,False,False
18,nan,False,False,False,False,False,False,False,False,False,False,True,False,False,False,False,False,False,True,False,False,False,False,False,False,False,True,False,False,True,False,False,False,True,False,False,False,False,True,False,False,False,False,False,False,False,True,False,True,False,False,False,False,True,False,False,False,False,False,False,False,True,False,False,True,0.0,False,False,True,False,False,False,False,False,False,False,False,False,False,False,False,False,False,False,True,False,False,False
17,nan,False,False,False,False,False,False,False,False,False,False,True,False,False,False,False,False,False,False,True,False,False,False,False,False,True,False,False,True,False,False,False,False,False,True,False,False,False,True,False,False,False,False,False,False,True,False,False,True,False,False,False,False,True,False,False,False,False,True,False,False,False,False,True,False,0.0,True,False,False,False,False,False,False,False,False,False,False,False,False,False,False,False,False,False,False,True,False,False
22,No,False,False,False,False,False,False,False,False,False,False,False,True,False,False,False,False,False,True,False,False,False,False,False,False,False,True,False,True,False,False,False,False,False,True,False,False,False,False,True,False,False,False,True,False,False,False,False,True,False,False,False,False,True,False,False,False,False,True,False,False,False,True,False,False,0.0,False,False,False,False,False,True,False,False,False,False,False,False,False,False,False,True,False,False,False,False,False,False
22,Just a little bit tensed due to some personal reasons ,False,False,False,False,False,False,False,True,False,False,False,False,False,False,False,False,False,False,True,False,False,False,False,False,True,False,False,False,False,True,False,False,False,True,False,False,False,True,False,False,False,False,True,False,False,False,False,True,False,False,False,False,True,False,False,False,False,True,False,False,False,True,False,False,-0.1832,False,False,False,False,False,True,False,False,False,False,False,False,False,False,False,True,False,False,False,False,False,False
21,nan,False,False,False,False,False,False,False,False,False,False,False,True,False,False,False,False,False,False,True,False,False,True,False,False,False,False,False,False,True,False,False,True,False,False,False,False,True,False,False,False,False,True,False,False,False,False,False,False,True,False,False,False,False,False,False,True,False,False,True,False,False,False,False,True,0.0,False,False,False,False,False,True,False,False,False,False,False,False,False,True,False,False,False,False,False,False,False,True
21,nan,False,False,False,False,False,False,False,False,False,False,False,True,False,False,False,False,False,False,True,False,False,False,False,False,True,False,False,True,False,False,False,False,False,True,False,False,False,False,True,False,False,False,False,False,True,False,False,False,False,True,False,False,True,False,False,False,False,True,False,False,False,True,False,False,0.0,False,False,False,False,False,True,False,False,False,False,False,False,False,True,False,False,False,False,False,False,False,True
21,nan,False,False,True,False,False,False,False,False,False,False,False,False,False,False,False,False,False,True,False,False,False,False,False,True,False,False,False,False,False,False,True,True,False,False,False,False,True,False,False,False,False,False,False,False,False,True,False,False,False,False,True,False,True,False,False,False,False,False,False,False,True,False,True,False,0.0,False,False,False,False,False,True,False,False,False,False,False,False,False,True,False,False,False,False,False,False,False,True
23,nan,False,True,False,False,False,False,False,False,False,False,False,False,False,False,False,False,False,False,True,False,False,True,False,False,False,False,False,False,False,True,False,False,False,True,False,False,True,False,False,False,False,False,True,False,False,False,False,True,False,False,False,False,True,False,False,False,False,True,False,False,False,False,False,True,0.0,False,False,False,False,False,True,False,False,False,False,False,False,False,True,False,False,False,False,False,False,False,True
23,Stayin' Alive,False,False,False,False,True,False,False,False,False,False,False,False,False,False,False,False,False,False,True,False,False,False,False,False,False,True,False,False,False,False,True,False,False,False,True,False,False,False,False,False,True,False,True,False,False,False,False,False,True,False,False,False,True,False,False,False,False,True,False,False,False,True,False,False,0.3818,False,False,False,False,False,True,False,False,False,False,False,False,False,False,False,True,False,False,False,False,False,False
21,nan,False,False,False,False,False,False,False,False,False,False,False,True,False,False,False,False,False,True,False,False,False,True,False,False,False,False,True,False,False,False,False,False,False,False,True,False,True,False,False,False,False,True,False,False,False,False,True,False,False,False,False,False,True,False,False,False,False,True,False,False,False,False,True,False,0.0,False,False,False,False,False,False,False,False,False,True,False,False,False,False,False,True,False,False,False,False,False,True
20,Just not able to focus on the works that are of utmost priority and not able to know what to do bext,False,False,False,False,False,False,False,False,False,False,False,True,False,False,False,False,False,False,True,False,False,False,False,True,False,False,False,False,False,False,True,True,False,False,False,False,True,False,False,False,False,False,False,False,True,False,False,False,False,False,True,False,True,False,False,False,False,False,False,False,True,False,False,True,0.0,False,False,False,True,False,False,False,False,False,False,False,True,False,False,False,False,False,False,False,False,False,False
20,nan,False,False,False,False,False,False,False,False,False,True,False,False,False,False,False,False,False,True,False,False,False,False,False,False,False,True,False,False,False,True,False,False,True,False,False,False,False,True,False,False,False,False,True,False,False,False,False,False,False,False,True,False,True,False,False,False,False,True,False,False,False,True,False,False,0.0,False,False,False,False,False,True,False,False,False,False,False,False,False,True,False,False,False,False,False,False,False,False
18,nothing ,False,False,False,True,False,False,False,False,False,False,False,False,False,False,False,False,False,True,False,False,False,False,False,False,True,False,False,True,False,False,False,False,False,False,True,False,True,False,False,False,False,False,False,True,False,False,False,False,True,False,False,False,True,False,False,False,False,True,False,False,False,False,False,True,0.0,False,False,False,True,False,False,False,False,False,False,False,False,False,False,False,True,False,False,False,False,False,False
21,frequency stress,False,False,False,False,False,False,False,False,False,True,False,False,False,False,False,False,False,False,True,False,False,False,False,False,False,True,False,False,False,True,False,True,False,False,False,False,False,False,True,False,False,False,False,False,False,True,False,False,True,False,False,False,False,False,False,True,False,False,False,False,True,False,False,True,-0.4215,False,False,False,True,False,False,False,False,False,False,False,False,False,False,False,True,False,False,False,False,False,False
22,No,False,False,False,False,False,False,False,False,False,False,False,True,False,False,False,False,False,True,False,False,False,False,False,False,False,True,False,False,False,False,True,False,False,False,True,False,False,False,True,False,False,False,False,False,False,True,False,False,False,True,False,False,True,False,False,False,False,False,True,False,False,False,False,True,0.0,False,False,False,False,False,False,False,False,False,True,False,False,False,False,False,False,False,True,False,False,False,True
19,No,False,False,False,False,False,False,False,False,False,False,False,True,False,False,False,False,False,True,False,False,False,False,False,True,False,False,False,False,True,False,False,False,False,False,False,True,False,False,False,False,True,False,False,False,True,False,False,False,False,False,True,False,True,False,False,False,False,False,True,False,False,False,True,False,0.0,False,False,False,True,False,False,False,False,False,False,False,False,False,False,False,False,False,False,False,True,False,True
19,No,False,True,False,False,False,False,False,False,False,False,False,False,False,False,False,False,False,False,True,False,False,False,False,True,False,False,False,False,True,False,False,False,False,False,False,True,False,False,False,False,True,False,False,False,True,False,False,False,False,False,True,False,True,False,False,False,False,True,False,False,False,False,False,True,0.0,False,False,False,True,False,False,False,False,False,False,False,False,False,False,False,True,False,False,False,False,False,False
22,No,False,False,True,False,False,False,False,False,False,False,False,False,False,False,False,False,False,False,True,False,False,True,False,False,False,False,False,False,False,False,True,False,False,False,False,True,True,False,False,False,False,True,False,False,False,False,False,False,False,False,True,False,False,False,False,True,False,False,False,False,True,False,False,True,0.0,False,False,False,True,False,False,False,False,False,False,False,False,False,False,False,True,False,False,False,False,False,True
20,Lingering fear of attachment I guess,False,False,False,False,False,False,False,False,False,False,True,False,False,False,False,False,False,False,True,False,False,False,True,False,False,False,False,True,False,False,False,False,False,False,False,True,True,False,False,False,False,False,False,False,False,True,False,True,False,False,False,False,True,False,False,False,False,True,False,False,False,True,False,False,-0.25,False,False,False,True,False,False,False,False,False,False,False,False,False,False,False,True,False,False,False,False,False,False
18,nan,False,False,False,False,False,False,False,False,False,False,False,True,False,False,False,False,False,True,False,False,False,False,False,True,False,False,False,False,True,False,False,False,False,False,True,False,False,False,True,False,False,False,False,True,False,False,False,False,False,False,True,False,False,True,False,False,False,False,False,False,True,True,False,False,0.0,False,False,False,True,False,False,False,False,False,False,False,False,False,False,False,True,False,False,False,False,False,True
19,Noo,False,False,False,False,False,False,False,False,False,False,True,False,False,False,False,False,False,True,False,False,False,False,False,True,False,False,False,False,False,False,True,False,False,True,False,False,False,False,False,False,True,False,True,False,False,False,False,False,False,False,True,False,True,False,False,False,False,True,False,False,False,False,False,True,0.0,False,False,False,True,False,False,False,False,False,False,False,False,False,False,False,True,False,False,False,False,False,False
26,NO,False,False,False,False,False,False,False,False,False,False,True,False,False,False,False,False,False,False,True,False,False,False,False,False,False,True,False,False,False,True,False,True,False,False,False,False,False,False,True,False,False,False,False,False,False,True,False,False,False,False,True,False,True,False,False,False,False,True,False,False,False,True,False,False,0.0,False,False,False,False,False,False,False,False,False,True,False,False,False,False,False,False,False,True,False,False,False,False
21,No ,False,False,False,False,False,False,False,False,False,False,False,True,False,False,False,False,False,True,False,False,False,False,False,False,True,False,False,False,False,False,True,True,False,False,False,False,False,False,False,False,True,False,False,False,False,True,False,False,False,False,True,False,True,False,False,False,False,True,False,False,False,True,False,False,0.0,False,False,False,False,True,False,False,False,False,False,False,False,False,False,False,True,False,False,False,False,False,False
22,May this darkness of despair turns into light of hope soon enough ðŸ’«,False,False,False,False,False,False,False,False,False,False,False,False,False,False,False,False,True,False,True,False,False,False,False,True,False,False,False,False,False,False,True,True,False,False,False,False,False,False,True,False,False,False,False,False,False,True,True,False,False,False,False,False,False,False,True,False,False,False,False,True,False,False,False,True,-0.1027,False,False,False,False,False,True,False,False,False,False,False,False,False,True,False,False,False,False,False,False,False,True
21,No,False,False,False,False,False,False,False,False,False,False,False,True,False,False,False,False,False,True,False,False,False,False,False,False,False,True,False,True,False,False,False,False,False,True,False,False,False,True,False,False,False,False,False,False,True,False,False,True,False,False,False,False,True,False,False,False,False,True,False,False,False,True,False,False,0.0,False,False,False,False,True,False,False,False,False,False,False,False,False,False,False,True,False,False,False,False,False,False
20,nan,False,False,False,False,False,False,False,False,False,False,False,True,False,False,False,False,False,False,True,False,False,False,False,False,False,True,False,False,False,True,False,False,False,False,False,True,False,False,True,False,False,False,False,True,False,False,True,False,False,False,False,False,False,False,True,False,False,False,False,False,True,False,False,True,0.0,False,False,False,False,False,True,False,False,False,False,False,False,False,True,False,False,False,False,False,False,False,False
20,Nope,False,False,False,False,False,False,False,True,False,False,False,False,False,False,False,False,False,False,True,False,False,False,False,False,False,True,False,False,True,False,False,True,False,False,False,False,False,False,True,False,False,False,False,True,False,False,True,False,False,False,False,False,False,False,False,True,False,True,False,False,False,False,True,False,0.0,False,False,False,True,False,False,False,False,False,False,False,False,False,False,False,True,False,False,False,False,False,False
19,nan,False,False,False,False,False,False,False,True,False,False,False,False,False,False,False,False,False,False,True,False,False,True,False,False,False,False,False,False,False,False,True,True,False,False,False,False,False,False,False,False,True,False,False,False,True,False,False,False,True,False,False,False,True,False,False,False,False,False,False,False,True,False,False,True,0.0,False,False,True,False,False,False,False,False,False,False,False,False,False,False,False,True,False,False,False,False,False,False
23,No it was worse but now it is getting improved ,False,False,False,False,False,False,False,False,False,False,False,True,False,False,False,False,False,False,True,False,False,False,False,True,False,False,False,False,True,False,False,False,False,True,False,False,False,True,False,False,False,False,True,False,False,False,True,False,False,False,False,False,True,False,False,False,False,True,False,False,False,True,False,False,0.0,False,False,False,False,False,True,False,False,False,False,False,False,False,False,False,True,False,False,False,False,False,True
22,No,False,True,False,False,False,False,False,False,False,False,False,False,False,False,False,False,False,False,True,False,False,False,True,False,False,False,False,True,False,False,False,False,False,True,False,False,False,True,False,False,False,False,True,False,False,False,False,True,False,False,False,False,True,False,False,False,False,True,False,False,False,True,False,False,0.0,False,False,False,False,False,True,False,False,False,False,False,False,False,True,False,False,False,False,False,False,False,False
22,I am very exhausted mentally and physically ,False,False,False,False,False,False,False,False,False,False,False,True,False,False,False,False,False,True,False,False,False,False,False,True,False,False,False,False,True,False,False,True,False,False,False,False,True,False,False,False,False,False,False,True,False,False,False,False,True,False,False,False,False,False,False,True,False,False,False,True,False,False,False,True,-0.4201,False,False,False,False,False,True,False,False,False,False,False,False,False,True,False,False,False,False,False,False,False,True
18,nan,False,True,False,False,False,False,False,False,False,False,False,False,False,False,False,False,False,True,False,False,False,False,False,False,False,True,False,False,False,False,True,False,True,False,False,False,False,False,False,True,False,False,True,False,False,False,False,False,False,False,True,False,True,False,False,False,False,True,False,False,False,False,False,True,0.0,False,False,True,False,False,False,False,False,False,False,False,False,False,False,False,False,False,False,False,True,False,False
21,nan,False,False,False,False,False,False,False,False,False,False,False,True,False,False,False,False,False,False,True,False,False,False,False,False,True,False,False,False,False,False,True,True,False,False,False,False,False,False,False,False,True,False,True,False,False,False,False,True,False,False,False,False,True,False,False,False,False,True,False,False,False,True,False,False,0.0,False,False,False,False,False,True,False,False,False,False,False,False,False,False,False,False,False,False,False,True,False,False
22,.,False,False,False,False,False,False,False,False,False,False,False,True,False,False,False,False,False,True,False,False,False,False,False,False,False,True,False,False,False,True,False,False,False,True,False,False,False,True,False,False,False,False,True,False,False,False,False,False,False,False,True,False,True,False,False,False,False,True,False,False,False,False,False,True,0.0,False,False,False,False,False,True,False,False,False,False,False,False,False,True,False,False,False,False,False,False,False,False
24,No,False,False,False,False,False,False,False,True,False,False,False,False,False,False,False,False,False,False,True,False,False,False,False,False,False,True,False,False,False,False,True,False,False,True,False,False,False,False,False,False,True,False,False,False,False,True,False,False,True,False,False,False,True,False,False,False,False,True,False,False,False,True,False,False,0.0,False,False,False,False,False,False,False,False,False,True,False,False,False,False,False,False,False,False,False,True,False,False
21,nan,False,False,False,False,False,False,False,False,False,False,False,True,False,False,False,False,False,False,True,False,False,False,False,False,True,False,False,False,False,True,False,True,False,False,False,False,False,False,False,True,False,False,False,False,True,False,False,False,False,True,False,False,False,False,True,False,False,False,False,False,True,False,False,True,0.0,False,False,False,False,False,True,False,False,False,False,False,False,False,False,False,False,False,False,False,True,False,True
20,Tired of college and lack of holidays/outings.,False,False,False,False,False,False,False,False,False,False,False,True,False,False,False,False,False,False,True,False,False,False,False,True,False,False,False,False,False,False,True,False,False,False,True,False,False,False,True,False,False,True,False,False,False,False,True,False,False,False,False,False,False,False,True,False,False,False,False,True,False,False,True,False,-0.6369,False,False,False,False,True,False,False,False,False,False,False,False,False,True,False,False,False,False,False,False,False,False
19,No,False,False,False,False,False,False,False,False,False,False,True,False,False,False,False,False,False,True,False,False,False,False,False,False,True,False,False,True,False,False,False,False,False,True,False,False,False,True,False,False,False,False,False,False,True,False,False,True,False,False,False,False,True,False,False,False,False,True,False,False,False,True,False,False,0.0,False,False,True,False,False,False,False,False,False,False,False,False,False,False,True,False,False,False,False,False,False,False
